Post Date,Description,Debit,Category
5/31/2022,Withdrawal TRANSACTION FEES,45.5,Company
5/31/2022,Withdrawal LOW BALANCE FEE,6,Company
5/31/2022,Withdrawal POS #215118617586/POS MURPHY6745ATWALMART CEDAR PARK TX Card 4969 Merchant Category Code: 5542,86.02,Company
5/31/2022,Withdrawal ACH ATT/TYPE: RETRY PYMT ID: 9864031004 CO: ATT,789.34,Company
5/31/2022,Withdrawal ACH ALLY/TYPE: ALLY PAYMT ID: 9833122002 CO: ALLY,509.98,Company
5/31/2022,Withdrawal ACH BCBS HEALTH HPS/TYPE: 8007928595 ID: 1361236610 CO: BCBS HEALTH HPS,498.66,Company
5/31/2022,Withdrawal ACH ATMOS ENERGY RCR/TYPE: UTIL PYMT ID: 9000000091 CO: ATMOS ENERGY RCR NAME: MARTHA HERNANDEZ,30.11,Personal
5/28/2022,Recurring Withdrawal Bill Payment - #214816901661/BP APPLE COM BILL CUPERTINO CA Card 2272 Merchant Category Code: 4899,14.06,Personal
5/28/2022,Withdrawal Bill Payment #214827026832/BP FORTIVA 855-802-5572 GA Card 4969 Merchant Category Code: 6051,43.85,Company
5/27/2022,Withdrawal DEBIT CARD/DD DOORDASH WINGSTOP 855-973-1040 CA Date 05/27/22 24492152147719359624171 Card 4969Merchant Category Code: 5812,46.29,Personal
5/27/2022,Withdrawal ACH ADP PAYROLL FEES/TYPE: ADP - FEES ID: 9659605001 DATA: OT CO: ADP PAYROLL FEES,149.79,Company
5/27/2022,Withdrawal DEBIT CARD/CCS FARMERS INSURANCE GRP 800-9985000 TX Date 05/26/22 24447722146900018108270 Card 2272Merchant Category Code: 8931,94.8,Company
5/27/2022,Withdrawal DEBIT CARD/JIFFY LUBE 2476 AUSTIN TX Date 05/26/22 24231682146837000455572 Card 2675Merchant Category Code: 7538,89.14,Company
5/26/2022,Withdrawal DEBIT CARD/DD DOORDASH MR.GATTIS 855-973-1040 CA Date 05/26/22 24492152146713225445649 Card 0718Merchant Category Code: 5812,42.95,Personal
5/26/2022,Withdrawal DEBIT CARD/QT 4143 CEDAR PARK TX Date 05/25/22 24692162146100852647472 Card 4969Merchant Category Code: 5541,25.3,Company
5/26/2022,Withdrawal POS #214684945001/POS NST THE HOME DEPOT 002992 1200 HOME DEPOT BLVD SUNSET VALLEY TX Card 2675Merchant Category Code: 5200,9.68,Company
5/25/2022,Check 2548 Tracer 818100000306912,2842.13,Company
5/25/2022,Check 2546 Tracer 818100000307070,240,Company
5/25/2022,Withdrawal DEBIT CARD/SQ *LONGHORN TRAILERS &amp; E Austin TX Date 05/25/22 24692162145100068379705 Card 2675Merchant Category Code: 7513,45,Company
5/25/2022,Withdrawal DEBIT CARD/TEXAS ROADHOUSE #2322 HOLLYWOOD PAR TX Date 05/25/22 24231682145837000755196 Card 0718Merchant Category Code: 5812,63.3,Personal
5/25/2022,Withdrawal POS #214514395536/POS SHELL SERVICE STATION AUSTIN TX Card 0001 Merchant Category Code: 5541,55.61,Company
5/25/2022,Withdrawal at ATM #214516051300/ATM M212113 1801 EAST WHITESTONE BL PARK TX Card 4969Merchant Category Code: 6011,100,Company
5/25/2022,Withdrawal POS #214510819695/POS BUC-EE'S #22 2760 IH 35 N NEW BRAUNFELS TX Card 0718Merchant Category Code: 5542,29.14,Personal
5/25/2022,Withdrawal DEBIT CARD/VIVINT INC/US 800-216-5232 UT Date 05/25/22 24430992145083739976538 Card 4969Merchant Category Code: 7393,61.13,Company
5/25/2022,Withdrawal DEBIT CARD/JIMMY JOHNS - 1810 CEDAR PARK TX Date 05/24/22 24269792145000974551339 Card 4969Merchant Category Code: 5814,9.39,Personal
5/25/2022,Withdrawal DEBIT CARD/DISCOUNT TIRE TXA 21 LEANDER TX Date 05/24/22 24445002145000728618674 Card 4969Merchant Category Code: 5532,99.14,Personal
5/24/2022,Withdrawal POS #214500755217/POS WALGREENS STORE 905 CRYST LEANDER TX Card 4969 Merchant Category Code: 5912,8.1,Personal
5/24/2022,Check 2522 Tracer 818000000505550,850,Company
5/24/2022,Withdrawal POS #214418229848/POS COSTCO WHSE #0693 SAN ANTONIO TX Card 0718 Merchant Category Code: 5300,57.77,Personal
5/24/2022,Withdrawal POS #214400082003/POS TARGET T-2342 1101 C-Bar Ranch Trl Cedar Park TX Card 0001Merchant Category Code: 5411,271.93,Personal
5/24/2022,Withdrawal DEBIT CARD/SQ *SANA VIDA WELLNESS CE gosq.com TX Date 05/24/22 24692162144100290017223 Card 4969Merchant Category Code: 8011,149,Personal
5/24/2022,Withdrawal POS #214416143841/POS H-E-B #265 CEDAR PARK TX Card 4969 Merchant Category Code: 5411,143.33,Personal
5/24/2022,Withdrawal DEBIT CARD/VIVINT INC/US 800-216-5232 UT Date 05/24/22 24430992144083756494499 Card 4969Merchant Category Code: 7393,39.48,Company
5/24/2022,Withdrawal POS #214475222601/POS NST THE HOME DEPOT 000721 1200 HOME DEPOT BLVD SUNSET VALLEY TX Card 2675Merchant Category Code: 5200,269.54,Company
5/24/2022,Withdrawal POS #214411135565/POS H-E-B GAS/CARWASH #265 CEDAR PARK TX Card 4969 Merchant Category Code: 5542,66.4,Personal
5/24/2022,Withdrawal ACH AMEX EPAYMENT/TYPE: ACH PMT ID: 0005000008 DATA: ER AM CO: AMEX EPAYMENT,2133.97,Company
5/24/2022,Withdrawal ACH AMEX EPAYMENT/TYPE: ACH PMT ID: 0005000008 DATA: ER AM CO: AMEX EPAYMENT,2000,Company
5/24/2022,Withdrawal ACH AMEX EPAYMENT/TYPE: ACH PMT ID: 0005000008 DATA: ER AM CO: AMEX EPAYMENT,1700,Company
5/24/2022,Withdrawal ACH DISCOVER BANK/TYPE: PREARRANGE ID: 6510020271 DATA: DC FINOUT DPLSVCPAY CO: DISCOVER BANK,656.2,Company
5/24/2022,Withdrawal POS #214414139600/POS 7-ELEVEN 36630 7844 BURNET RD AUSTIN TX Card 2675Merchant Category Code: 5542,68.32,Personal
5/24/2022,Withdrawal DEBIT CARD/H-E-B #265 CEDAR PARK TX Date 05/23/22 24427332143740274303057 Card 4969Merchant Category Code: 5411,175.56,Personal
5/24/2022,Withdrawal DEBIT CARD/CITY OF CEDAR PARK 512-4015000 TX Date 05/23/22 24755422143641433960202 Card 0001Merchant Category Code: 4900,141.05,Personal
5/24/2022,Withdrawal DEBIT CARD/EL RINCONCITO SALVADORENO AUSTIN TX Date 05/22/22 24036282143017012651364 Card 2272Merchant Category Code: 5814,63.58,Personal
5/23/2022,Check 2545 Tracer 817900000413739,1442.5,Company
5/23/2022,Check 2543 Tracer 817900000413740,3000,Company
5/23/2022,Check 2540 Tracer 817900000415188,1100,Company
5/23/2022,Withdrawal POS #214352788200/POS FUEL MAXX # 17 52450 HWY 290 TX Card 2272Merchant Category Code: 5541,3.98,Company
5/23/2022,Withdrawal Cash,500,Company
5/23/2022,Withdrawal POS #214300441195/POS 7-ELEVEN 6111 Bee Cave Rd US Austin Card 0718 Merchant Category Code: 5542,80.66,Company
5/23/2022,Withdrawal DEBIT CARD/RAISING CANE'S #115 CEDAR PARK TX Date 05/22/22 24231682143698164095981 Card 4969Merchant Category Code: 5814,10.91,Personal
5/23/2022,Withdrawal POS #000000DGIQPT/POS AMAZON.COM*1R9133EX2 SEATTLE WA Card 4969 Merchant Category Code: 4816,128.81,Personal
5/23/2022,Withdrawal DEBIT CARD/SHORT STOP #7 CEDAR PARK TX Date 05/22/22 24137462143100235709213 Card 4969Merchant Category Code: 5814,25.03,Personal
5/23/2022,Withdrawal Bill Payment #214320100187/BP CULLIGAN/ULTRAPURE WAT 507-200-0820 Card 2272 Merchant Category Code: 4900,97.32,Personal
5/23/2022,Withdrawal POS #214306419000/POS 7-ELEVEN 36589 10207 LAKE CREEK AUSTIN TX Card 2675Merchant Category Code: 5542,125,Personal
5/23/2022,Withdrawal POS #214309289438/POS RANDALLS #3145 LEANDER TX Card 4969 Merchant Category Code: 5411,116.7,Personal
5/23/2022,Withdrawal DEBIT CARD/H-E-B #465 AUSTIN TX Date 05/22/22 24427332142740271581615 Card 2272Merchant Category Code: 5411,41.85,Personal
5/22/2022,Withdrawal DEBIT CARD/DOORDASH*EINSTEIN BROS WWW.DOORDASH. CA Date 05/22/22 24011342142000048794392 Card 4969Merchant Category Code: 5812,31.13,Personal
5/22/2022,Withdrawal DEBIT CARD/SHELL OIL 57541467106 AUSTIN TX Date 05/21/22 24316052142548174823895 Card 2272Merchant Category Code: 5542,63.49,Company
5/22/2022,Withdrawal DEBIT CARD/TST* ESTANCIA BRAZILIAN S AUSTIN TX Date 05/22/22 24137462142500686146222 Card 2272Merchant Category Code: 5812,791.77,Personal
5/22/2022,Uncollected Fee/Due since 05/21/22 - Courtesy Pay-Dbt,34,Fee
5/22/2022,Uncollected Fee/Due since 05/21/22 - Courtesy Pay-Dbt,34,Fee
5/22/2022,Uncollected Fee/Due since 05/21/22 - Courtesy Pay-Dbt,34,Fee
5/22/2022,Uncollected Fee/Due since 05/20/22 - Courtesy Pay-Dbt,34,Fee
5/22/2022,Uncollected Fee/Due since 05/20/22 - Courtesy Pay-Dbt,34,Fee
5/22/2022,Uncollected Fee/Due since 05/20/22 - Courtesy Pay-Dbt,34,Fee
5/22/2022,Uncollected Fee/Due since 05/20/22 - Courtesy Pay-Dbt,34,Fee
5/22/2022,Uncollected Fee/Due since 05/20/22 - Courtesy Pay-Dbt,34,Fee
5/22/2022,Uncollected Fee/Due since 05/20/22 - Courtesy Pay-Dbt,34,Fee
5/22/2022,Uncollected Fee/Due since 05/20/22 - Courtesy Pay-Dbt,34,Fee
5/22/2022,Uncollected Fee/Due since 05/20/22 - Courtesy Pay-Dbt,34,Fee
5/22/2022,Uncollected Fee/Due since 05/20/22 - Courtesy Pay-Dbt,34,Fee
5/22/2022,Uncollected Fee/Due since 05/20/22 - Courtesy Pay-Dbt,34,Fee
5/22/2022,Uncollected Fee/Due since 05/20/22 - Courtesy Pay-Dbt,34,Fee
5/22/2022,Uncollected Fee/Due since 05/20/22 - Courtesy Pay-Dbt,34,Fee
5/22/2022,Uncollected Fee/Due since 05/20/22 - Courtesy Pay-Dbt,34,Fee
5/22/2022,Uncollected Fee/Due since 05/20/22 - Courtesy Pay-Dbt,34,Fee
5/22/2022,Uncollected Fee/Due since 05/20/22 - Courtesy Pay-Dbt,34,Fee
5/22/2022,Uncollected Fee/Due since 05/20/22 - Courtesy Pay-Dbt,34,Fee
5/22/2022,Uncollected Fee/Due since 05/19/22 - Courtesy Pay-Ck,34,Fee
5/21/2022,Withdrawal ATM Fee/ATM ALI00736 1405 W WHITESTONE BLVD PARK TX Card 2272Merchant Category Code: 6011,1,Fee
5/21/2022,Withdrawal at ATM #214123953533/ATM ALI00736 1405 W WHITESTONE BLVD PARK TX Card 2272Merchant Category Code: 6011,42,Company
5/21/2022,Withdrawal POS #214119273309/POS SHELL SERVICE STATION CEDAR PARK TX Card 2272 Merchant Category Code: 5541,41.1,Company
5/21/2022,Withdrawal POS #214112958925/POS RANDALLS #3145 LEANDER TX Card 4969 Merchant Category Code: 5411,126.07,Personal
5/21/2022,Withdrawal POS #214110646434/POS SHELL SERVICE STATION CEDAR PARK TX Card 2272 Merchant Category Code: 5542,31.78,Company
5/21/2022,"Withdrawal by Check/Check 05 496415 Disbursed 1,000.00",1003,Company
5/21/2022,Withdrawal Cash,1000,Company
5/21/2022,Withdrawal DEBIT CARD/DOORDASH*BLAZE PIZZA WWW.DOORDASH. CA Date 05/21/22 24011342141000036061300 Card 4969Merchant Category Code: 5812,52.3,Personal
5/21/2022,Withdrawal POS #214158027245/POS NNT MI TIENDITA 002002 1725 OHLEN AUSTIN TX Card 2272Merchant Category Code: 5499,2.7,Personal
5/21/2022,Withdrawal DEBIT CARD/PRO SERVE ENTERPRISE 512-326-2811 TX Date 05/19/22 24251382140017025263446 Card 2272Merchant Category Code: 2842,86.69,Company
5/20/2022,Withdrawal DEBIT CARD/DD DOORDASH WINGSTOP 855-973-1040 CA Date 05/20/22 24492152140745554817804 Card 4969Merchant Category Code: 5812,36.88,Personal
5/20/2022,Withdrawal DEBIT CARD/AMZN Mktp US*1X1MQ0OL1 Amzn.com/bill WA Date 05/20/22 24692162140100985975184 Card 4969Merchant Category Code: 5942,159.6,Personal
5/20/2022,Withdrawal DEBIT CARD/RANDALLS #3145 LEANDER TX Date 05/19/22 24231682140837001257452 Card 4969Merchant Category Code: 5411,122.27,Personal
5/20/2022,Withdrawal POS #214012755157/POS H-E-B GAS/CARWASH #265 CEDAR PARK TX Card 4969 Merchant Category Code: 5542,81.71,Company
5/20/2022,Withdrawal DEBIT CARD/HOPDODDY CEDAR PARK CR 512-852-9406 TX Date 05/20/22 24692162140100833821358 Card 4969Merchant Category Code: 5812,34.91,Company
5/20/2022,Withdrawal POS #214013647516/POS WALGREENS STORE 1505 W WH CEDAR PARK TX Card 2272Merchant Category Code: 5912,19.99,Personal
5/20/2022,Withdrawal DEBIT CARD/LAKELINE XPRESS MART CEDAR PARK TX Date 05/19/22 24137462140001247050138 Card 2272Merchant Category Code: 5541,12.97,Personal
5/20/2022,Withdrawal DEBIT CARD/H-E-B #265 CEDAR PARK TX Date 05/19/22 24427332139740282205191 Card 4969Merchant Category Code: 5411,16.71,Personal
5/20/2022,Withdrawal DEBIT CARD/H-E-B #265 CEDAR PARK TX Date 05/19/22 24427332139740282204632 Card 4969Merchant Category Code: 5411,48.51,Personal
5/20/2022,Withdrawal DEBIT CARD/TST* C.R. SURF AND TURF CEDAR PARK TX Date 05/19/22 24137462139300647176375 Card 2272Merchant Category Code: 5812,76.25,Personal
5/20/2022,Withdrawal DEBIT CARD/KERBEY LANE CAFE-WL olo.com TX Date 05/18/22 24733092139091814000158 Card 0718Merchant Category Code: 5812,53.25,Personal
5/20/2022,Withdrawal DEBIT CARD/THE CROMEENS LAW FIRM HOUSTON TX Date 05/19/22 24559302139900012980249 Card 2272Merchant Category Code: 8111,535,Company
5/20/2022,Withdrawal DEBIT CARD/AMZN Mktp US*1L3IG3S00 Amzn.com/bill WA Date 05/19/22 24692162139100428561461 Card 4969Merchant Category Code: 5942,309.67,Personal
5/20/2022,Withdrawal DEBIT CARD/PAYPAL *HITECHPOWER HITEC 402-935-7733 Date 05/19/22 24492152139852983405426 Card 2272Merchant Category Code: 4816,180.62,Company
5/20/2022,Withdrawal DEBIT CARD/PAYPAL *HITECHPOWER HITEC 402-935-7733 Date 05/19/22 24492152139852983332752 Card 2272Merchant Category Code: 4816,90.31,Company
5/20/2022,Withdrawal DEBIT CARD/PAYPAL *HITECHPOWER HITEC 402-935-7733 Date 05/19/22 24492152139852983510183 Card 2272Merchant Category Code: 4816,212.5,Company
5/19/2022,Check 2542 Tracer 817500000255635,1200,Company
5/19/2022,Check 2536 Tracer 817500000256008,1350,Company
5/19/2022,Check 2531 Tracer 817500000256203,2400,Company
5/19/2022,Withdrawal POS #213921709850/POS WALGREENS STORE 905 CRYST LEANDER TX Card 4969 Merchant Category Code: 5912,107.12,Personal
5/19/2022,Check 2538 Tracer 817500000192097,3750,Personal
5/19/2022,Withdrawal POS #213900393993/POS 7-ELEVEN 6111 Bee Cave Rd US Austin Card 2675 Merchant Category Code: 5542,65.68,Company
5/19/2022,Withdrawal ACH *LINCOLN NATLIFE/TYPE: PREMPAYMNT ID: 3504728231 DATA: 0018400TER CO: *LINCOLN NATLIFE,316.91,Company
5/19/2022,Withdrawal ACH CAPITAL ONE/TYPE: CRCARDPMT ID: 9541719318 CO: CAPITAL ONE,200,Personal
5/19/2022,Withdrawal ACH ATT/TYPE: Payment ID: 9864031004 CO: ATT,80.42,Company
5/19/2022,Withdrawal ACH ALLSTATE INS CO/TYPE: INS PREM ID: 1360719665 DATA: ACH.EZPR02010 Q CO: ALLSTATE INS NAME: HERNANDEZ,59.53,Company
5/19/2022,Withdrawal DEBIT CARD/SALTGRASS AUSTIN AUSTIN TX Date 05/18/22 24943002139207688500090 Card 2272Merchant Category Code: 5812,127.12,Personal
5/19/2022,Withdrawal DEBIT CARD/ATMOS ENERGY 888-286-6700 TX Date 05/18/22 24692162138100598589228 Card 4969Merchant Category Code: 4900,149.73,Company
5/19/2022,Withdrawal POS #6I6ANUOLI2L0/POS AMAZON.COM*1L5MO9SD2 SEATTLE WA Card 4969 Merchant Category Code: 4816,25.93,Personal
5/18/2022,Withdrawal POS #213816786574/POS NNT LAKE LINE FOOD 002355 1075 N LINE BLVD 1 CEDAR PARK TX Card 2272Merchant Category Code: 5999,19.47,Company
5/18/2022,Withdrawal DEBIT CARD/EL POLLO RICO 9 CEDAR PARK TX Date 05/17/22 24013392138001921182829 Card 4969Merchant Category Code: 5812,47.5,Personal
5/18/2022,Withdrawal POS #213816386788/POS LOWE'S #2774 LEANDER TX Card 2675 Merchant Category Code: 5200,48.63,Personal
5/18/2022,Withdrawal POS #213894068300/POS SUNOCO 0856051800 2501 SOUTH WATER BURNET TX Card 2272Merchant Category Code: 5541,23.74,Personal
5/18/2022,Withdrawal Transfer To Loan 00,200,Company
5/18/2022,Withdrawal DEBIT CARD/CITY OF SAN ANTONIO 210-207-1111 TX Date 05/18/22 24692162138100145523787 Card 4969Merchant Category Code: 9399,161.9,Company
5/18/2022,Withdrawal ACH ALLSTATE INS CO/TYPE: INS PREM ID: 1360719665 DATA: ACH.EZPR02010 S CO: ALLSTATE INS CO,352.23,Company
5/18/2022,Withdrawal ACH ALLSTATE INS CO/TYPE: INS PREM ID: 1360719665 DATA: ACH.EZPR02010 S CO: ALLSTATE INS CO,49.23,Company
5/18/2022,Withdrawal ACH HOME DEPOT/TYPE: AUTO PYMT ID: CITIAUTFDR CO: HOME DEPOT,29,Company
5/17/2022,Withdrawal DEBIT CARD/TEXACO 0359729 CEDAR PARK TX Date 05/17/22 24692162137100639889117 Card 2272Merchant Category Code: 5541,32.24,Personal
5/17/2022,Check 2544 Tracer 817300000352534,500,Company
5/17/2022,Check 2535 Tracer 817300000352985,1000,Company
5/17/2022,Check 2534 Tracer 817300000354421,1650,Company
5/17/2022,Withdrawal POS #2DIFXG9IBL08/POS AMAZON.COM*1L52Z1XM0 SEATTLE WA Card 4969 Merchant Category Code: 4816,52.16,Personal
5/17/2022,Withdrawal POS #213719939335/POS LAMBS TIRE 4155 3510 LAKE LEANDER TX Card 4969 Merchant Category Code: 5541,154.58,Personal
5/17/2022,Withdrawal DEBIT CARD/QT 4143 CEDAR PARK TX Date 05/16/22 24692162137100416353543 Card 4969Merchant Category Code: 5541,37.96,Personal
5/17/2022,Check 2537 Tracer 817300000201001,1408,Company
5/17/2022,Withdrawal POS #213700852751/POS 7-ELEVEN 6111 Bee Cave Rd US Austin Card 2675 Merchant Category Code: 5542,56.41,Company
5/17/2022,Withdrawal POS #213764480101/POS NST THE HOME DEPOT 000858 7900 N FM 620 AUSTIN TX Card 2675Merchant Category Code: 5200,30.58,Personal
5/17/2022,Withdrawal POS #213757855001/POS NST THE HOME DEPOT 000795 7900 N FM 620 AUSTIN TX Card 2675Merchant Category Code: 5200,39.96,Personal
5/17/2022,Withdrawal ACH CHASE CREDIT CRD/TYPE: EPAY ID: 5760039224 CO: CHASE CREDIT CRD NAME: ARACELI VAZQUEZ,500,Personal
5/17/2022,Withdrawal ACH CITI CARD ONLINE/TYPE: PAYMENT ID: CITICTP CO: CITI CARD ONLINE NAME: MARTHA G HERNANDEZ,100,Personal
5/17/2022,Withdrawal POS #213743560800/POS 7-ELEVEN 36630 7844 BURNET RD AUSTIN TX Card 2675Merchant Category Code: 5542,112.87,Personal
5/17/2022,Withdrawal DEBIT CARD/H-E-B #265 CEDAR PARK TX Date 05/16/22 24427332136740274131325 Card 4969Merchant Category Code: 5411,61.08,Personal
5/17/2022,Recurring Withdrawal Bill Payment - #213621100908/BP HP *INSTANT INK 855-785-2777 CA Card 0001 Merchant Category Code: 5111,27.05,Company
5/16/2022,Check 2533 Tracer 817200000631207,600,Company
5/16/2022,Withdrawal Cash,3500,Company
5/16/2022,Withdrawal POS #7JSKO65MLAZS/POS AMAZON.COM*1L56D0020 SEATTLE WA Card 4969 Merchant Category Code: 4816,62.76,Personal
5/16/2022,Check 2539 Tracer 817200000700218,2520,Company
5/16/2022,Withdrawal DEBIT CARD/RANDALLS #3145 LEANDER TX Date 05/15/22 24231682136837001923364 Card 4969Merchant Category Code: 5411,161.47,Personal
5/16/2022,Withdrawal DEBIT CARD/TEXAS HONE* TEXAS HONE rob@texashone TX Date 05/16/22 24492162136000022276638 Card 0718Merchant Category Code: 5812,48.79,Personal
5/16/2022,Withdrawal POS #213664311501/POS NST THE HOME DEPOT 002674 11301 LAKELINE RD AUSTIN TX Card 2272Merchant Category Code: 5200,77.81,Personal
5/16/2022,Withdrawal DEBIT CARD/JIMMY JOHNS - 1810 - ECOM 512-259-1030 Date 05/15/22 24269792136500560683850 Card 4969Merchant Category Code: 5814,27,Personal
5/16/2022,Withdrawal DEBIT CARD/CHIPOTLE ONLINE 180-024-4768 CA Date 05/16/22 24431062136083702313893 Card 4969Merchant Category Code: 5814,30.31,Personal
5/16/2022,Withdrawal POS #213615033894/POS WALGREENS STORE 1505 W WH CEDAR PARK TX Card 0001Merchant Category Code: 5912,140.76,Personal
5/16/2022,Withdrawal POS #213615022625/POS WALGREENS STORE 1505 W WH CEDAR PARK TX Card 0001Merchant Category Code: 5912,40.25,Personal
5/16/2022,Withdrawal DEBIT CARD/TAMU NEW STUDENT CONFE 979-845-5209 TX Date 05/16/22 24692162136100115932317 Card 0718Merchant Category Code: 8220,55,Personal
5/16/2022,Withdrawal ACH THE GUARDIAN/TYPE: INSUR PREM ID: 9555845001 CO: THE GUARDIAN,849.54,Company
5/16/2022,Withdrawal ACH FARMERS INS EXCH/TYPE: INSPAYMENT ID: 2432215866 DATA: BILL PAYMENT CO: FARMERS INS EXCH,661.91,Company
5/16/2022,Withdrawal ACH DISCOVER/TYPE: E-PAYMENT ID: 3510020270 DATA: DC PYMNTS DCIDPIINT CO: DISCOVER NAME: HERNANDEZ SALVADOR,500,Personal
5/16/2022,Withdrawal ACH LendingClub/TYPE: 8885963157 ID: 8510605731 DATA: Y CO: LendingClub,498.15,Company
5/16/2022,Withdrawal ACH CAPITAL ONE/TYPE: CRCARDPMT ID: 9541719018 CO: CAPITAL ONE,300,Company
5/16/2022,Withdrawal ACH INTUIT 85940695/TYPE: TRAN FEE ID: 9215986202 CO: INTUIT 85940695,181.86,Company
5/16/2022,Withdrawal ACH HUMANA COMPBENEF/TYPE: 7709988936 ID: 2591843760 CO: HUMANA COMPBENEF,50.74,Company
5/16/2022,Withdrawal DEBIT CARD/TAQUERIA GUADALAJARA AUSTIN TX Date 05/14/22 24036282135017052284365 Card 2272Merchant Category Code: 5812,23.62,Personal
5/15/2022,Withdrawal DEBIT CARD/EXPEDIA 72305065969422 EXPEDIA.COM WA Date 05/15/22 24692162135100922961724 Card 0718Merchant Category Code: 4722,137.2,Company
5/15/2022,Withdrawal POS #213595784143/POS NNT LAKE LINE FOOD 000131 1075 N LINE BLVD 1 CEDAR PARK TX Card 2272Merchant Category Code: 5999,27.03,Company
5/15/2022,Withdrawal DEBIT CARD/TEXACO 0359729 CEDAR PARK TX Date 05/15/22 24692162135100423340048 Card 2272Merchant Category Code: 5541,32.57,Personal
5/15/2022,Withdrawal DEBIT CARD/TEXACO 0359729 CEDAR PARK TX Date 05/14/22 24692162134100302553837 Card 2272Merchant Category Code: 5541,4.31,Personal
5/14/2022,Withdrawal POS #213500059198/POS DSW CEDAR PARK T 5001 HWY CEDAR PARK TX Card 2272Merchant Category Code: 5661,38.97,Personal
5/14/2022,Withdrawal POS #213500559482/POS WHOLEFDS CDP #10 5001 183 CEDAR PARK TX Card 2272Merchant Category Code: 5411,61.2,Personal
5/14/2022,Withdrawal POS #213428431500/POS C STORE-5625 WESTGATE 5625 WESTGATE AUSTIN TX Card 2272Merchant Category Code: 5542,45.18,Company
5/14/2022,Withdrawal at ATM #213400002153/ATM RBFCU 1110 N. BELL BLVD BLDG AUSTIN Card 4969 Merchant Category Code: 6011,500,Company
5/14/2022,Check 2532 Tracer 817000000196001,3400,Company
5/14/2022,Withdrawal DEBIT CARD/WINGSTOP - 411 - MCOMM 512-996-9464 TX Date 05/13/22 24269792134001061162215 Card 4969Merchant Category Code: 5814,16.76,Personal
5/13/2022,Withdrawal POS #107A7LDFC0X3/POS AMAZON.COM*1R8FV1L71 SEATTLE WA Card 4969 Merchant Category Code: 4816,124.89,Personal
5/13/2022,Withdrawal POS #213318502903/POS H-E-B #029 W LAKE HILLS TX Card 0718 Merchant Category Code: 5411,331.39,Personal
5/13/2022,Withdrawal DEBIT CARD/TEXAS HONE* TEXAS HONE rob@texashone TX Date 05/13/22 24492162133000030010071 Card 2272Merchant Category Code: 5812,35.41,Personal
5/13/2022,Withdrawal DEBIT CARD/SHELL OIL 10012713003 AUSTIN TX Date 05/12/22 24316052133548119186771 Card 2675Merchant Category Code: 5541,50,Company
5/13/2022,Withdrawal POS #213314657637/POS H-E-B #202 AUSTIN TX Card 2272 Merchant Category Code: 5411,186,Personal
5/13/2022,Withdrawal DEBIT CARD/RANDALLS #3145 LEANDER TX Date 05/12/22 24231682133837001930206 Card 4969Merchant Category Code: 5411,100,Personal
5/13/2022,Withdrawal DEBIT CARD/RANDALLS #3145 LEANDER TX Date 05/12/22 24231682133837001929240 Card 4969Merchant Category Code: 5411,64.88,Personal
5/13/2022,Withdrawal POS #213300441854/POS 7-ELEVEN 1870 S. Bagdad Roa US TX Card 4969Merchant Category Code: 5542,62.09,Personal
5/13/2022,Withdrawal at ATM #213300001926/ATM RBFCU 1110 N. BELL BLVD BLDG AUSTIN Card 4969 Merchant Category Code: 6011,400,Company
5/13/2022,Withdrawal POS #213309983900/POS COPPER RIDGE MARKET 7500 WEST HWY 29 LIBERTY HILL TX Card 2675Merchant Category Code: 5542,73.97,Company
5/13/2022,Withdrawal POS #213311845199/POS SHELL SERVICE STATION ROUND ROCK TX Card 2272 Merchant Category Code: 5542,47.23,Company
5/13/2022,Withdrawal ACH WEBFILE TAX PYMT/TYPE: DD ID: 2146000311 DATA: CPA TAX PAYMENTS CO: WEBFILE TAX PYMT,6318.8,Company
5/13/2022,Withdrawal ACH AMEX EPAYMENT/TYPE: ACH PMT ID: 0005000008 DATA: ER AM CO: AMEX EPAYMENT,685.06,Company
5/13/2022,Withdrawal DEBIT CARD/DAIRY QUEEN 45856 AUSTIN TX Date 05/12/22 24231682133400000000305 Card 2272Merchant Category Code: 5814,13.93,Personal
5/13/2022,Recurring Withdrawal DEBIT CARD/MCW308-WHITESTONE 866-2543229 TX Date 05/12/22 24071052132939159553309 Card 2272Merchant Category Code: 7542,19.99,Personal
5/13/2022,"Withdrawal DEBIT CARD/IN *KRISTY R. CORTEZ, PC 512-8352635 TX Date 05/12/22 24692162132100619448426 Card 4969Merchant Category Code: 8931",750,Company
5/13/2022,Withdrawal DEBIT CARD/PAYPAL *HITECHPOWER HITEC 402-935-7733 Date 05/12/22 24492152132852633634489 Card 4969Merchant Category Code: 4816,823.43,Company
5/13/2022,Withdrawal POS #213200995320/POS 7-ELEVEN 6111 Bee Cave Rd US Austin Card 0718 Merchant Category Code: 5542,40.03,Company
5/13/2022,Withdrawal POS #213200998436/POS 7-ELEVEN 6111 BEE CAVE RD US AUSTIN Card 0718 Merchant Category Code: 5541,10.93,Company
5/12/2022,"Withdrawal Transfer/To HERNANDEZ,MARTHA 331014 Loan 02",422.81,Company
5/12/2022,Withdrawal Cash,1500,Company
5/12/2022,Uncollected Fee/Due since 05/11/22 - Courtesy Pay-Dbt,34,Company
5/12/2022,Uncollected Fee/Due since 05/11/22 - Courtesy Pay-Dbt,34,Company
5/12/2022,Uncollected Fee/Due since 05/11/22 - Courtesy Pay-Dbt,34,Company
5/12/2022,Uncollected Fee/Due since 05/10/22 - Courtesy Pay-ACH,34,Company
5/12/2022,Uncollected Fee/Due since 05/09/22 - UNPAIDNSF,34,Company
5/12/2022,Uncollected Fee/Due since 05/09/22 - UNPAIDNSF,34,Company
5/12/2022,Uncollected Fee/Due since 05/09/22 - Overdrawn ACH,34,Company
5/12/2022,Uncollected Fee/Due since 05/09/22 - Overdrawn ACH,34,Company
5/12/2022,Uncollected Fee/Due since 05/06/22 - Overdrawn Debit,34,Company
5/12/2022,Uncollected Fee/Due since 05/06/22 - Overdrawn Debit,34,Company
5/12/2022,Uncollected Fee/Due since 05/06/22 - Overdrawn Debit,34,Company
5/12/2022,Uncollected Fee/Due since 05/05/22 - UNPAIDNSF,34,Company
5/12/2022,Uncollected Fee/Due since 05/05/22 - UNPAIDNSF,34,Company
5/12/2022,Uncollected Fee/Due since 05/05/22 - Courtesy Pay-Dbt,34,Company
5/12/2022,Uncollected Fee/Due since 05/05/22 - Courtesy Pay-Dbt,34,Company
5/12/2022,Uncollected Fee/Due since 05/05/22 - Courtesy Pay-ACH,34,Company
5/12/2022,Uncollected Fee/Due since 05/05/22 - Courtesy Pay-ACH,34,Company
5/12/2022,Uncollected Fee/Due since 05/05/22 - Courtesy Pay-ACH,34,Company
5/12/2022,Uncollected Fee/Due since 05/05/22 - Courtesy Pay-Dbt,34,Company
5/12/2022,Uncollected Fee/Due since 05/05/22 - Courtesy Pay-Dbt,34,Company
5/12/2022,Uncollected Fee/Due since 05/05/22 - Courtesy Pay-Dbt,34,Company
5/12/2022,Uncollected Fee/Due since 05/05/22 - Courtesy Pay-Dbt,34,Company
5/12/2022,Uncollected Fee/Due since 05/05/22 - Courtesy Pay-Dbt,34,Company
5/12/2022,Uncollected Fee/Due since 05/05/22 - Courtesy Pay-Dbt,34,Company
5/12/2022,Uncollected Fee/Due since 05/04/22 - Courtesy Pay-Ck,34,Company
5/12/2022,Uncollected Fee/Due since 05/04/22 - Courtesy Pay-Ck,34,Company
5/11/2022,Withdrawal POS #213153959320/POS NNT LA MEXICANA MAR000316 900 EAST PALM VALLEY BO ROUND ROCK TX Card 2272Merchant Category Code: 5411,19.47,Personal
5/11/2022,Withdrawal POS #213100729179/POS WM SUPERCENTER # Wal-Mart Super CEDAR PARK TX Card 4969Merchant Category Code: 5411,152.2,Personal
5/11/2022,Withdrawal Cash,5000,Company
5/11/2022,"Withdrawal Transfer/To HERNANDEZ,MARTHA 331014 Loan 02",24.97,Personal
5/11/2022,Recurring Withdrawal Bill Payment - #213128700873/BP ADOBE ACROPRO SUBS 408-536-6000 CA Card 0001 Merchant Category Code: 5734,16.23,Company
5/11/2022,Withdrawal DEBIT CARD/TEXASGASSERVICE 800-700-2443 OK Date 05/10/22 24492152130719265773574 Card 0718Merchant Category Code: 4900,44.57,Company
5/11/2022,Withdrawal DEBIT CARD/DOG WASTE DEPOT.COM 856-495-5102 CA Date 05/11/22 24692162131100187713145 Card 2272Merchant Category Code: 2842,288.94,Company
5/11/2022,Withdrawal DEBIT CARD/CEDAR PARK OBGYN ASSOC 512-5287385 TX Date 05/10/22 24755422130271303775202 Card 2272Merchant Category Code: 8011,64,Personal
5/10/2022,Withdrawal ACH IRS/TYPE: USATAXPYMT ID: 3387702000 CO: IRS NAME: SALVADOR E &amp; MARTHA G,2500,Company
5/10/2022,Check 2525 Tracer 000000000507700,1442.5,Company
5/10/2022,Withdrawal POS #213010282087/POS SHELL SERVICE STATION AUSTIN TX Card 2675 Merchant Category Code: 5542,69.17,Company
5/10/2022,"Withdrawal ACH City of Austin T/TYPE: PAYMENT ID: 5746000085 CO: City of Austin T NAME: GONZALEZ VARGAS, MICHE",122.82,Company
5/6/2022,Check 2520 Tracer 816200000380001,892.5,Company
5/6/2022,Withdrawal Courtesy Pay fee,34,Fee
5/6/2022,Withdrawal DEBIT CARD/FYF*FROMYOUFLOWERS 800-838-8853 CT Date 05/06/22 24692162126100373900271 Card 4969Merchant Category Code: 5992,89.79,Company
5/6/2022,Withdrawal DEBIT CARD/THE CROMEENS LAW FIRM HOUSTON TX Date 05/05/22 24559302125900012079170 Card 2272Merchant Category Code: 8111,620,Company
5/6/2022,Recurring Withdrawal DEBIT CARD/APPLE.COM/BILL 408-974-1010 CA Date 05/05/22 24430992125828326836212 Card 2272Merchant Category Code: 5735,2.99,Personal
5/5/2022,Withdrawal POS #212500086915/POS 7-ELEVEN 17510 Judson Rd US San Antonio TX Card 4969Merchant Category Code: 5542,1.24,Personal
5/5/2022,Withdrawal POS #212514710491/POS WALGREENS STORE 1505 W WH CEDAR PARK TX Card 2272Merchant Category Code: 5912,39.99,Personal
5/5/2022,Withdrawal ACH FARMERS INS EXCH/TYPE: INSPAYMENT ID: 2432215866 DATA: BILL PAYMENT CO: FARMERS INS EXCH,1005.33,Company
5/5/2022,Withdrawal ACH *LINCOLN NATLIFE/TYPE: PREMPAYMNT ID: 3504728231 DATA: 0018400TER CO: *LINCOLN NATLIFE,105.2,Company
5/5/2022,Withdrawal ACH INTUIT 32275995/TYPE: TRAN FEE ID: 9215986202 CO: INTUIT 32275995,19.38,Personal
5/5/2022,Withdrawal DEBIT CARD/A &amp; A AUTOMECHANIC SERVIC ROUND ROCK TX Date 05/04/22 24559302124900010100037 Card 2272Merchant Category Code: 7538,1595.26,Personal
5/5/2022,Withdrawal DEBIT CARD/WINGSTOP - 411 - MCOMM 512-996-9464 TX Date 05/04/22 24269792125001039284464 Card 4969Merchant Category Code: 5814,37.4,Personal
5/5/2022,Withdrawal DEBIT CARD/GATTIS PIZZA CEDAR PARK CEDAR PARK TX Date 05/04/22 24632692125001009834282 Card 4969Merchant Category Code: 5812,25.05,Personal
5/5/2022,Withdrawal DEBIT CARD/TEXACO 0359729 CEDAR PARK TX Date 05/04/22 24692162124100035764059 Card 2272Merchant Category Code: 5542,54.36,Personal
5/5/2022,Withdrawal DEBIT CARD/MCDONALD'S F10171 CEDAR PARK TX Date 05/04/22 24427332124720241747126 Card 2272Merchant Category Code: 5814,13.06,Personal
5/5/2022,Withdrawal DEBIT CARD/GREAT AMERICAN COOKIES AN LEANDER TX Date 05/03/22 24207852124030601465522 Card 4969Merchant Category Code: 5499,20.96,Personal
5/4/2022,Check 2529 Tracer 816000000415245,429.35,Company
5/4/2022,Check 2518 Tracer 816000000415242,1350,Company
5/4/2022,Check 2516 Tracer 816000000414025,100,Company
5/4/2022,Withdrawal DEBIT CARD/RANDALLS #3145 LEANDER TX Date 05/03/22 24231682124837001356015 Card 4969Merchant Category Code: 5411,142.37,Personal
5/4/2022,Withdrawal DEBIT CARD/CINEPOLIS TX - WEB 972-993-1533 TX Date 05/04/22 24692162124100556057214 Card 4969Merchant Category Code: 7832,64.92,Personal
5/4/2022,Withdrawal DEBIT CARD/CITY OF LEANDER UTILITY 512-5282700 TX Date 05/03/22 24755422124641243361693 Card 4969Merchant Category Code: 4900,262.63,Personal
5/4/2022,Withdrawal DEBIT CARD/MUNICIPAL ONLINE PAYMENTS 844-7244507 TX Date 05/03/22 24755422124641242278799 Card 4969Merchant Category Code: 7372,1.25,Personal
5/4/2022,Withdrawal DEBIT CARD/QUINTA CAPORALES MEAT AUSTIN TX Date 05/03/22 24765012124400024000245 Card 2272Merchant Category Code: 5411,75.42,Personal
5/4/2022,Withdrawal POS #212414919361/POS WALGREENS STORE 1505 W WH CEDAR PARK TX Card 2272Merchant Category Code: 5912,51,Personal
5/4/2022,Withdrawal DEBIT CARD/EXXONMOBIL 99760365 AUSTIN TX Date 05/03/22 24164052124837008115858 Card 2272Merchant Category Code: 5541,41.04,Company
5/4/2022,Withdrawal ACH BKAMERICA/TYPE: IC PAYMENT ID: 1409936115 CO: BKAMERICA,877.05,Company
5/4/2022,Withdrawal ACH ATT/TYPE: Payment ID: 9864031005 CO: ATT NAME: UHCU,84.19,Company
5/4/2022,Withdrawal ACH AMERICAN GEN LIF/TYPE: INS PAYMT ID: 4250598210 CO: AMERICAN GEN LIF,44.54,Company
5/4/2022,Withdrawal ACH INTUIT 22286445/TYPE: TRAN FEE ID: 9215986202 CO: INTUIT 22286445,12.81,Personal
5/4/2022,Withdrawal DEBIT CARD/RENKEN DENTISTRY OF CRYS 2174837177 TX Date 05/03/22 24801972123726237396299 Card 4969Merchant Category Code: 8021,19.22,Personal
5/3/2022,Withdrawal DEBIT CARD/CHEVRON 0175485 AUSTIN TX Date 05/03/22 24692162123100082019564 Card 2272Merchant Category Code: 5542,53.01,Company
5/3/2022,Check 2519 Tracer 815900000525730,1000,Company
5/3/2022,Check 2530 Tracer 815900000474001,936,Company
5/3/2022,Withdrawal POS #212300138771/POS 7-ELEVEN 1711-A W Hwy 290 US Spri TX Card 0001Merchant Category Code: 5542,26.49,Personal
5/3/2022,Withdrawal POS #212314465755/POS H-E-B #029 W LAKE HILLS TX Card 0718 Merchant Category Code: 5411,0.75,Personal
5/3/2022,Withdrawal POS #212314094532/POS H-E-B #029 W LAKE HILLS TX Card 0718 Merchant Category Code: 5411,61.52,Personal
5/3/2022,Check 2528 Tracer 815900000414001,1280,Company
5/3/2022,Check 2523 Tracer 815900000306001,2050,Company
5/3/2022,Check 2524 Tracer 815900000074001,2500,Company
5/3/2022,Withdrawal ACH Pedernales Elect/TYPE: WEB PMTS ID: 9000366457 DATA: 830-868-7155 CO: Pedernales Elect NAME: Martha Hernandez,245.85,Personal
5/3/2022,Withdrawal ACH CAPITAL ONE/TYPE: MOBILE PMT ID: 9279744980 CO: CAPITAL ONE,100,Company
5/3/2022,Withdrawal ACH INTUIT 16318385/TYPE: TRAN FEE ID: 9215986202 CO: INTUIT 16318385,9.67,Personal
5/3/2022,Withdrawal DEBIT CARD/DD DOORDASH JERSEYMIK 855-973-1040 CA Date 05/03/22 24492152123715317056108 Card 4969Merchant Category Code: 5812,29.23,Personal
5/3/2022,Withdrawal POS #212300380911/POS 7-ELEVEN 2620 LAKE AUSTIN B US TX Card 2675Merchant Category Code: 5541,80,Company
5/3/2022,Withdrawal POS #212300076663/POS 7-ELEVEN 1870 S. Bagdad Roa US TX Card 2675Merchant Category Code: 5542,62.51,Company
5/3/2022,Withdrawal DEBIT CARD/H-E-B #029 WEST LAKE HIL TX Date 05/02/22 24427332122740275689095 Card 0001Merchant Category Code: 5411,94.67,Personal
5/3/2022,Withdrawal DEBIT CARD/LA CHAPARRITA MEAT MARKET LEANDER TX Date 05/01/22 24122592122030025973792 Card 2272Merchant Category Code: 5411,43.08,Company
5/3/2022,Withdrawal DEBIT CARD/LOC CITIZENS*308205382 401-2825259 CT Date 05/01/22 24638572122016026019700 Card 4969Merchant Category Code: 6012,63.76,Company
5/2/2022,Withdrawal Bill Payment #212216992609/BP APPLE COM BILL CUPERTINO CA Card 2272 Merchant Category Code: 4899,14.06,Personal
5/2/2022,Check 2517 Tracer 815800000421001,1280,Company
5/2/2022,Withdrawal POS #212213082479/POS SHELL SERVICE STATION AUSTIN TX Card 2272 Merchant Category Code: 5542,54.32,Company
5/2/2022,Withdrawal DEBIT CARD/DD DOORDASH GINOSITAL 855-973-1040 CA Date 05/02/22 24492152122713183176630 Card 4969Merchant Category Code: 5812,44.95,Personal
5/2/2022,Withdrawal DEBIT CARD/TACO BELL #030096 LEANDER TX Date 05/01/22 24943002122838002760777 Card 4969Merchant Category Code: 5814,26.1,Personal
5/2/2022,Withdrawal DEBIT CARD/WALGREENS #7061 CEDAR PARK TX Date 05/01/22 24445002122000648303347 Card 2272Merchant Category Code: 5912,62.22,Personal
5/2/2022,Withdrawal ACH BCBS HEALTH HPS/TYPE: 8007928595 ID: 1361236610 CO: BCBS HEALTH HPS NAME: MARTHA HERNANDEZ MARTH,866.28,Company
5/2/2022,Withdrawal ACH Financial Pacifi/TYPE: LEASE PYMT ID: 9118771358 CO: Financial Pacifi,524.83,Company
5/2/2022,Withdrawal ACH BCBS HEALTH HPS/TYPE: 8007928595 ID: 1361236610 CO: BCBS HEALTH HPS,498.66,Company
5/2/2022,Withdrawal ACH NAVIENT/TYPE: NAVI DEBIT ID: 3520974271 DATA: LSC/F ------ CO: NAVIENT,204.9,Company
5/2/2022,Withdrawal DEBIT CARD/SHELL OIL 10012713003 AUSTIN TX Date 04/30/22 24316052121548382853119 Card 2272Merchant Category Code: 5541,39.12,Company
5/1/2022,Withdrawal DEBIT CARD/TACO CABANA 20254 CEDAR PARK TX Date 04/30/22 24231682121091000213834 Card 4969Merchant Category Code: 5814,50.8,Personal
5/1/2022,Withdrawal POS #212113216990/POS H-E-B #029 W LAKE HILLS TX Card 0718 Merchant Category Code: 5411,43.88,Personal
5/1/2022,Withdrawal DEBIT CARD/TST* The Garden at the 70 AUSTIN TX Date 04/30/22 24692162121100786691454 Card 2272Merchant Category Code: 5812,160.98,Personal
5/1/2022,Withdrawal DEBIT CARD/LOTUS HUNAN AUSTIN TX Date 04/30/22 24013392120003324617096 Card 0718Merchant Category Code: 5812,71.1,Personal
